Log,Max,Q2
Sepsis,2.76,86000
Motivating Scenario,16.61,86000
BPIC 2012,17.55,7350.99983215332
Road Traffic Fines,135.04,756638.033444411
