average_delay,median_delay,max_delay,min_delay,percentile_1,percentile_5,percentile_10,percentile_99,total_events
1.0891070578305553,0.913257,8.804884,0.476404,0.56208616,0.5964563,0.621814,4.6134824591996875,275287
