Min Memory (MB),Max Memory (MB),Average Memory (MB),Median Memory (MB),Standard Deviation (MB),Total Runtime (seconds)
4.3155670166015625,70.1174545288086,21.525745804159257,20.56690216064453,10.681302432845971,203.441
