Min Memory (MB),Max Memory (MB),Average Memory (MB),Median Memory (MB),Standard Deviation (MB),Total Runtime (seconds)
1.3883590698242188,3.563323974609375,2.50534184458238,2.5097198486328125,0.3935861183090806,8.05
