average_delay,median_delay,max_delay,min_delay,percentile_1,percentile_5,percentile_10,total_events
0.6207432563640618,0.5098495000000001,4.847577,0.252151,0.32761206000000004,0.3650536,0.388367,42740
