average_delay,median_delay,max_delay,min_delay,percentile_1,percentile_5,percentile_10,total_events
0.6072173776438761,0.5075799999999999,1.889233,0.244932,0.33377763,0.3694958,0.3894895,16264
