Min Memory (MB),Max Memory (MB),Average Memory (MB),Median Memory (MB),Standard Deviation (MB),Total Runtime (seconds)
2.5099029541015625,293.55883026123047,105.02344293470189,97.77265930175781,63.358404552452846,452.361
