average_delay,median_delay,max_delay,min_delay,percentile_1,percentile_5,percentile_10,total_events
0.5370090981557429,0.442903,4.349075,0.218809,0.29824702000000003,0.33085760000000003,0.3512092,275287
