average_delay,median_delay,max_delay,min_delay,percentile_1,percentile_5,percentile_10,total_events
1.2813672619811327,1.110248,17.372143,0.567446,0.68871846,0.7264326,0.7568542,275287
