average_delay,median_delay,max_delay,min_delay,percentile_1,percentile_5,percentile_10,percentile_99,total_events
1.049150104723434,0.853066,9.488689,0.422672,0.4973343,0.534308,0.560718,3.2646551215997692,275287
