average_delay,median_delay,max_delay,min_delay,percentile_1,percentile_5,percentile_10,total_events
0.5973900090998524,0.490404,1.698805,0.264807,0.32195915,0.35524695,0.3749992,16264
