average_delay,median_delay,max_delay,min_delay,percentile_1,percentile_5,percentile_10,total_events
1.0873438603820744,0.911265,7.814908,0.496029,0.5618677200000001,0.5966199,0.6216022,275287
