Min Memory (MB),Max Memory (MB),Average Memory (MB),Median Memory (MB),Standard Deviation (MB),Total Runtime (seconds)
2.1034088134765625,7.025909423828125,4.022187920285944,3.9238052368164062,0.8718132336590068,28.49
