average_delay,median_delay,max_delay,min_delay,percentile_1,percentile_5,percentile_10,total_events
0.9073187850725315,0.8962650000000001,2.592619,0.343377,0.42667756,0.48577929999999997,0.5249315,42740
