average_delay,median_delay,max_delay,min_delay,percentile_1,percentile_5,percentile_10,total_events
1.278684519813867,1.109002,17.551034,0.592078,0.68773488,0.7254332,0.7556816,275287
