Min Memory (MB),Max Memory (MB),Average Memory (MB),Median Memory (MB),Standard Deviation (MB),Total Runtime (seconds)
4.349052429199219,68.9304428100586,21.316920687718888,20.357711791992188,10.555245515934384,239.653
